corpus,files,k_star_min,k_star_median,k_star_max,full_blocks,k_star_blocks,k_star_fraction,all_blocks,shared_blocks,shared_block_fraction
canterbury,11,390,392.0,392,10975,406,0.03699316628701595,10986,412,0.03750227562352085
silesia,12,326,326.0,326,827882,16037,0.019371118106203542,827890,16048,0.019384217710082256
